scene_id,satellite,sensor,date,quarter,cloud_cover,tif_path,file_size_mb,width,height,bands,dtype,crs,gsd_m,geom_source
GF100_0200_04400368_20191118120602_00PMS1_003_F,GF100,,2019-11-18,2019Q4,,D:\image\临河\2019Q4\GF100_0200_04400368_20191118120602_00PMS1_003_F\GF100_0200_04400368_20191118120602_00PMS1_003_F.tif,1391.9,26148,19873,3,uint8,"GEOGCS[""GCS_China Geodetic Coordinate System 2000"",DATUM[""unnamed"",SPHEROID[""unnamed"",6378137,298.257222101004]],PRIMEM[""Greenwich"",0],UNIT[""degree"",0.0174532925199433,AUTHORITY[""EPSG"",""9122""]],AXIS[""Latitude"",NORTH],AXIS[""Longitude"",EAST]]",1.601,raster_bbox
GF100_0200_04408615_20191118120602_00PMS1_003_F,GF100,,2019-11-18,2019Q4,,D:\image\临河\2019Q4\GF100_0200_04408615_20191118120602_00PMS1_003_F\GF100_0200_04408615_20191118120602_00PMS1_003_F.tif,1407.7,26148,19873,3,uint8,"GEOGCS[""GCS_China Geodetic Coordinate System 2000"",DATUM[""unnamed"",SPHEROID[""unnamed"",6378137,298.257222101004]],PRIMEM[""Greenwich"",0],UNIT[""degree"",0.0174532925199433,AUTHORITY[""EPSG"",""9122""]],AXIS[""Latitude"",NORTH],AXIS[""Longitude"",EAST]]",1.601,raster_bbox
GF1C0_0200_21503852_20191115120207_000PMS_003_F,GF1C0,,2019-11-15,2019Q4,,D:\image\临河\2019Q4\GF1C0_0200_21503852_20191115120207_000PMS_003_F\GF1C0_0200_21503852_20191115120207_000PMS_003_F.tif,2683.4,31076,34231,3,uint8,"GEOGCS[""GCS_China Geodetic Coordinate System 2000"",DATUM[""unnamed"",SPHEROID[""unnamed"",6378137,298.257222101004]],PRIMEM[""Greenwich"",0],UNIT[""degree"",0.0174532925199433,AUTHORITY[""EPSG"",""9122""]],AXIS[""Latitude"",NORTH],AXIS[""Longitude"",EAST]]",1.587,raster_bbox
GF1C0_0200_21522784_20191226120448_000PMS_003_F,GF1C0,,2019-12-26,2019Q4,,D:\image\临河\2019Q4\GF1C0_0200_21522784_20191226120448_000PMS_003_F\GF1C0_0200_21522784_20191226120448_000PMS_003_F.tif,2855.2,30948,34442,3,uint8,"GEOGCS[""GCS_China Geodetic Coordinate System 2000"",DATUM[""unnamed"",SPHEROID[""unnamed"",6378137,298.257222101004]],PRIMEM[""Greenwich"",0],UNIT[""degree"",0.0174532925199433,AUTHORITY[""EPSG"",""9122""]],AXIS[""Latitude"",NORTH],AXIS[""Longitude"",EAST]]",1.601,raster_bbox
GF1C0_0200_21524914_20191230120241_000PMS_003_F,GF1C0,,2019-12-30,2019Q4,,D:\image\临河\2019Q4\GF1C0_0200_21524914_20191230120241_000PMS_003_F\GF1C0_0200_21524914_20191230120241_000PMS_003_F.tif,1831.0,30992,34463,3,uint8,"GEOGCS[""GCS_China Geodetic Coordinate System 2000"",DATUM[""unnamed"",SPHEROID[""unnamed"",6378137,298.257222101004]],PRIMEM[""Greenwich"",0],UNIT[""degree"",0.0174532925199433,AUTHORITY[""EPSG"",""9122""]],AXIS[""Latitude"",NORTH],AXIS[""Longitude"",EAST]]",1.601,raster_bbox
GF1C0_0200_21524916_20191230120232_000PMS_003_F,GF1C0,,2019-12-30,2019Q4,,D:\image\临河\2019Q4\GF1C0_0200_21524916_20191230120232_000PMS_003_F\GF1C0_0200_21524916_20191230120232_000PMS_003_F.tif,1531.2,31284,34463,3,uint8,"GEOGCS[""GCS_China Geodetic Coordinate System 2000"",DATUM[""unnamed"",SPHEROID[""unnamed"",6378137,298.257222101004]],PRIMEM[""Greenwich"",0],UNIT[""degree"",0.0174532925199433,AUTHORITY[""EPSG"",""9122""]],AXIS[""Latitude"",NORTH],AXIS[""Longitude"",EAST]]",1.587,raster_bbox
GF1D0_0200_56653479_20191031120206_000PMS_003_F,GF1D0,,2019-10-31,2019Q4,,D:\image\临河\2019Q4\GF1D0_0200_56653479_20191031120206_000PMS_003_F\GF1D0_0200_56653479_20191031120206_000PMS_003_F.tif,2695.4,31052,34505,3,uint8,"GEOGCS[""GCS_China Geodetic Coordinate System 2000"",DATUM[""unnamed"",SPHEROID[""unnamed"",6378137,298.257222101004]],PRIMEM[""Greenwich"",0],UNIT[""degree"",0.0174532925199433,AUTHORITY[""EPSG"",""9122""]],AXIS[""Latitude"",NORTH],AXIS[""Longitude"",EAST]]",1.601,raster_bbox
ZY301_0210_12172582_20191213114602_000NAD_003_F,ZY301,,2019-12-13,2019Q4,,D:\image\临河\2019Q4\ZY301_0210_12172582_20191213114602_000NAD_003_F\ZY301_0210_12172582_20191213114602_000NAD_003_F.tif,2434.3,36320,27500,3,uint8,"GEOGCS[""GCS_China Geodetic Coordinate System 2000"",DATUM[""unnamed"",SPHEROID[""unnamed"",6378137,298.257222101004]],PRIMEM[""Greenwich"",0],UNIT[""degree"",0.0174532925199433,AUTHORITY[""EPSG"",""9122""]],AXIS[""Latitude"",NORTH],AXIS[""Longitude"",EAST]]",1.671,raster_bbox
GF100_0200_04597951_20200204120537_00PMS1_003_F,GF100,PMS1,2020-02-04,2020Q1,5.0,D:\image\临河\2020Q1\低精度正射成果\GF100_0200_04597951_20200204120537_00PMS1_003_F\GF100_0200_04597951_20200204120537_00PMS1_003_F.tif,1268.0,26168,19894,3,uint8,"GEOGCS[""GCS_China Geodetic Coordinate System 2000"",DATUM[""unnamed"",SPHEROID[""unnamed"",6378137,298.257222101004]],PRIMEM[""Greenwich"",0],UNIT[""degree"",0.0174532925199433,AUTHORITY[""EPSG"",""9122""]],AXIS[""Latitude"",NORTH],AXIS[""Longitude"",EAST]]",1.601,raster_bbox
GF100_0200_04597955_20200204120532_00PMS1_003_F,GF100,PMS1,2020-02-04,2020Q1,14.0,D:\image\临河\2020Q1\低精度正射成果\GF100_0200_04597955_20200204120532_00PMS1_003_F\GF100_0200_04597955_20200204120532_00PMS1_003_F.tif,1283.7,26296,19894,3,uint8,"GEOGCS[""GCS_China Geodetic Coordinate System 2000"",DATUM[""unnamed"",SPHEROID[""unnamed"",6378137,298.257222101004]],PRIMEM[""Greenwich"",0],UNIT[""degree"",0.0174532925199433,AUTHORITY[""EPSG"",""9122""]],AXIS[""Latitude"",NORTH],AXIS[""Longitude"",EAST]]",1.594,raster_bbox
GF100_0200_04597956_20200204120541_00PMS1_003_F,GF100,PMS1,2020-02-04,2020Q1,1.0,D:\image\临河\2020Q1\低精度正射成果\GF100_0200_04597956_20200204120541_00PMS1_003_F\GF100_0200_04597956_20200204120541_00PMS1_003_F.tif,1326.2,26044,19894,3,uint8,"GEOGCS[""GCS_China Geodetic Coordinate System 2000"",DATUM[""unnamed"",SPHEROID[""unnamed"",6378137,298.257222101004]],PRIMEM[""Greenwich"",0],UNIT[""degree"",0.0174532925199433,AUTHORITY[""EPSG"",""9122""]],AXIS[""Latitude"",NORTH],AXIS[""Longitude"",EAST]]",1.608,raster_bbox
GF100_0200_04598155_20200204120532_00PMS2_003_F,GF100,PMS2,2020-02-04,2020Q1,0.0,D:\image\临河\2020Q1\低精度正射成果\GF100_0200_04598155_20200204120532_00PMS2_003_F\GF100_0200_04598155_20200204120532_00PMS2_003_F.tif,1320.2,26380,20063,3,uint8,"GEOGCS[""GCS_China Geodetic Coordinate System 2000"",DATUM[""unnamed"",SPHEROID[""unnamed"",6378137,298.257222101004]],PRIMEM[""Greenwich"",0],UNIT[""degree"",0.0174532925199433,AUTHORITY[""EPSG"",""9122""]],AXIS[""Latitude"",NORTH],AXIS[""Longitude"",EAST]]",1.596,raster_bbox
GF100_0200_04598158_20200204120528_00PMS2_003_F,GF100,PMS2,2020-02-04,2020Q1,0.0,D:\image\临河\2020Q1\低精度正射成果\GF100_0200_04598158_20200204120528_00PMS2_003_F\GF100_0200_04598158_20200204120528_00PMS2_003_F.tif,1196.6,26464,20063,3,uint8,"GEOGCS[""GCS_China Geodetic Coordinate System 2000"",DATUM[""unnamed"",SPHEROID[""unnamed"",6378137,298.257222101004]],PRIMEM[""Greenwich"",0],UNIT[""degree"",0.0174532925199433,AUTHORITY[""EPSG"",""9122""]],AXIS[""Latitude"",NORTH],AXIS[""Longitude"",EAST]]",1.589,raster_bbox
GF100_0200_04598160_20200204120537_00PMS2_003_F,GF100,PMS2,2020-02-04,2020Q1,12.0,D:\image\临河\2020Q1\低精度正射成果\GF100_0200_04598160_20200204120537_00PMS2_003_F\GF100_0200_04598160_20200204120537_00PMS2_003_F.tif,1231.3,26252,20042,3,uint8,"GEOGCS[""GCS_China Geodetic Coordinate System 2000"",DATUM[""unnamed"",SPHEROID[""unnamed"",6378137,298.257222101004]],PRIMEM[""Greenwich"",0],UNIT[""degree"",0.0174532925199433,AUTHORITY[""EPSG"",""9122""]],AXIS[""Latitude"",NORTH],AXIS[""Longitude"",EAST]]",1.603,raster_bbox
GF100_0200_04598161_20200204120542_00PMS2_003_F,GF100,PMS2,2020-02-04,2020Q1,1.0,D:\image\临河\2020Q1\低精度正射成果\GF100_0200_04598161_20200204120542_00PMS2_003_F\GF100_0200_04598161_20200204120542_00PMS2_003_F.tif,1301.8,26128,20042,3,uint8,"GEOGCS[""GCS_China Geodetic Coordinate System 2000"",DATUM[""unnamed"",SPHEROID[""unnamed"",6378137,298.257222101004]],PRIMEM[""Greenwich"",0],UNIT[""degree"",0.0174532925199433,AUTHORITY[""EPSG"",""9122""]],AXIS[""Latitude"",NORTH],AXIS[""Longitude"",EAST]]",1.609,raster_bbox
GF100_0200_04605271_20200208120300_00PMS2_003_F,GF100,PMS2,2020-02-08,2020Q1,0.0,D:\image\临河\2020Q1\低精度正射成果\GF100_0200_04605271_20200208120300_00PMS2_003_F\GF100_0200_04605271_20200208120300_00PMS2_003_F.tif,1337.1,26108,19873,3,uint8,"GEOGCS[""GCS_China Geodetic Coordinate System 2000"",DATUM[""unnamed"",SPHEROID[""unnamed"",6378137,298.257222101004]],PRIMEM[""Greenwich"",0],UNIT[""degree"",0.0174532925199433,AUTHORITY[""EPSG"",""9122""]],AXIS[""Latitude"",NORTH],AXIS[""Longitude"",EAST]]",1.596,raster_bbox
GF100_0200_04605272_20200208120305_00PMS2_003_F,GF100,PMS2,2020-02-08,2020Q1,18.0,D:\image\临河\2020Q1\低精度正射成果\GF100_0200_04605272_20200208120305_00PMS2_003_F\GF100_0200_04605272_20200208120305_00PMS2_003_F.tif,1194.2,25980,19873,3,uint8,"GEOGCS[""GCS_China Geodetic Coordinate System 2000"",DATUM[""unnamed"",SPHEROID[""unnamed"",6378137,298.257222101004]],PRIMEM[""Greenwich"",0],UNIT[""degree"",0.0174532925199433,AUTHORITY[""EPSG"",""9122""]],AXIS[""Latitude"",NORTH],AXIS[""Longitude"",EAST]]",1.603,raster_bbox
GF100_0200_04629197_20200220115529_00PMS1_003_F,GF100,PMS1,2020-02-20,2020Q1,0.0,D:\image\临河\2020Q1\低精度正射成果\GF100_0200_04629197_20200220115529_00PMS1_003_F\GF100_0200_04629197_20200220115529_00PMS1_003_F.tif,1327.7,26908,19978,3,uint8,EPSG:4326,1.594,raster_bbox
GF100_0200_04858011_20200610115806_00PMS1_003_F,GF100,PMS1,2020-06-10,2020Q2,0.0,D:\image\临河\2020Q2\低精度正射成果\GF100_0200_04858011_20200610115806_00PMS1_003_F\GF100_0200_04858011_20200610115806_00PMS1_003_F.tif,1379.6,25896,19684,3,uint8,EPSG:4326,1.601,raster_bbox
GF1D0_0200_56755658_20200612120337_000PMS_003_F,GF1D0,PMS,2020-06-12,2020Q2,5.4,D:\image\临河\2020Q2\低精度正射成果\GF1D0_0200_56755658_20200612120337_000PMS_003_F\GF1D0_0200_56755658_20200612120337_000PMS_003_F.tif,4585.0,50252,37978,3,uint8,EPSG:4326,1.602,raster_bbox
GF600_0200_19993470_20200502120759_000PMS_003_F,GF600,PMS,2020-05-02,2020Q2,19.7,D:\image\临河\2020Q2\低精度正射成果\GF600_0200_19993470_20200502120759_000PMS_003_F\GF600_0200_19993470_20200502120759_000PMS_003_F.tif,7037.4,70484,50757,3,uint8,EPSG:4326,1.597,raster_bbox
GF100_0200_05026378_20200831115415_00PMS1_003_F,GF100,PMS1,2020-08-31,2020Q3,0.0,D:\image\临河\2020Q3\低精度正射成果\GF100_0200_05026378_20200831115415_00PMS1_003_F\GF100_0200_05026378_20200831115415_00PMS1_003_F.tif,1446.1,26676,20168,3,uint8,EPSG:4326,1.594,raster_bbox
GF100_0200_05046766_20200908114914_00PMS1_003_F,GF100,PMS1,2020-09-08,2020Q3,0.9,D:\image\临河\2020Q3\低精度正射成果\GF100_0200_05046766_20200908114914_00PMS1_003_F\GF100_0200_05046766_20200908114914_00PMS1_003_F.tif,1315.0,25800,19240,3,uint8,EPSG:4326,1.685,raster_bbox
GF100_0200_05046767_20200908114919_00PMS1_003_F,GF100,PMS1,2020-09-08,2020Q3,2.1,D:\image\临河\2020Q3\低精度正射成果\GF100_0200_05046767_20200908114919_00PMS1_003_F\GF100_0200_05046767_20200908114919_00PMS1_003_F.tif,1295.0,25700,19240,3,uint8,EPSG:4326,1.692,raster_bbox
GF600_0200_20049332_20200902120934_000PMS_003_F,GF600,PMS,2020-09-02,2020Q3,3.0,D:\image\临河\2020Q3\低精度正射成果\GF600_0200_20049332_20200902120934_000PMS_003_F\GF600_0200_20049332_20200902120934_000PMS_003_F.tif,6971.2,70276,50589,3,uint8,"GEOGCS[""GCS_China Geodetic Coordinate System 2000"",DATUM[""unnamed"",SPHEROID[""unnamed"",6378137,298.257222101004]],PRIMEM[""Greenwich"",0],UNIT[""degree"",0.0174532925199433,AUTHORITY[""EPSG"",""9122""]],AXIS[""Latitude"",NORTH],AXIS[""Longitude"",EAST]]",1.597,raster_bbox
GF600_0200_20049355_20200902120946_000PMS_003_F,GF600,PMS,2020-09-02,2020Q3,0.2,D:\image\临河\2020Q3\低精度正射成果\GF600_0200_20049355_20200902120946_000PMS_003_F\GF600_0200_20049355_20200902120946_000PMS_003_F.tif,6826.1,69412,50505,3,uint8,"GEOGCS[""GCS_China Geodetic Coordinate System 2000"",DATUM[""unnamed"",SPHEROID[""unnamed"",6378137,298.257222101004]],PRIMEM[""Greenwich"",0],UNIT[""degree"",0.0174532925199433,AUTHORITY[""EPSG"",""9122""]],AXIS[""Latitude"",NORTH],AXIS[""Longitude"",EAST]]",1.615,raster_bbox
GF600_0200_20067009_20201230121230_000PMS_003_F,GF600,PMS,2020-12-30,2020Q4,0.0,D:\image\临河\2020Q4\低精度正射成果\GF600_0200_20067009_20201230121230_000PMS_003_F\GF600_0200_20067009_20201230121230_000PMS_003_F.tif,8205.7,69432,50484,3,uint8,EPSG:4326,1.615,raster_bbox
GF600_0200_20067017_20201230121218_000PMS_003_F,GF600,PMS,2020-12-30,2020Q4,0.0,D:\image\临河\2020Q4\低精度正射成果\GF600_0200_20067017_20201230121218_000PMS_003_F\GF600_0200_20067017_20201230121218_000PMS_003_F.tif,8754.2,70276,50568,3,uint8,EPSG:4326,1.597,raster_bbox
ZY02C_0500_04642092_20200825103045_000PMS_003_F,ZY02C,,2020-08-25,2021Q1,,D:\image\临河\2021Q1\ZY02C_0500_04642092_20200825103045_000PMS_003_F\ZY02C_0500_04642092_20200825103045_000PMS_003_F.tif,626.4,17200,12384,3,uint8,EPSG:4326,4.274,raster_bbox
ZY02C_0500_04642093_20200825103053_000PMS_003_F,ZY02C,,2020-08-25,2021Q1,,D:\image\临河\2021Q1\ZY02C_0500_04642093_20200825103053_000PMS_003_F\ZY02C_0500_04642093_20200825103053_000PMS_003_F.tif,602.3,17068,12384,3,uint8,EPSG:4326,4.303,raster_bbox
ZY303_0210_01192303_20210118115314_000NAD_003_F,ZY303,,2021-01-18,2021Q1,,D:\image\临河\2021Q1\ZY303_0210_01192303_20210118115314_000NAD_003_F\ZY303_0210_01192303_20210118115314_000NAD_003_F.tif,2417.1,36000,26919,3,uint8,EPSG:4326,1.681,raster_bbox
JKF01_0075_00049030_20210506110808_0PMS05_003_F,JKF01,0PMS05,2021-05-06,2021Q2,,D:\image\临河\2021Q2\JKF01_0075_00049030_20210506110808_0PMS05_003_F\JKF01_0075_00049030_20210506110808_0PMS05_003_F.tif,4541.0,50742,38416,3,uint8,EPSG:4326,0.568,sidecar_shp
JKF01_0075_00049030_20210506110808_0PMS06_003_F,JKF01,0PMS06,2021-05-06,2021Q2,,D:\image\临河\2021Q2\JKF01_0075_00049030_20210506110808_0PMS06_003_F\JKF01_0075_00049030_20210506110808_0PMS06_003_F.tif,4457.0,51190,38526,3,uint8,EPSG:4326,0.569,sidecar_shp
JKF01_0075_00051610_20210601110734_0PMS05_003_F,JKF01,0PMS05,2021-06-01,2021Q2,,D:\image\临河\2021Q2\JKF01_0075_00051610_20210601110734_0PMS05_003_F\JKF01_0075_00051610_20210601110734_0PMS05_003_F.tif,5052.1,51850,38787,3,uint8,EPSG:4326,0.564,sidecar_shp
JKF01_0075_00051610_20210601110734_0PMS06_003_F,JKF01,0PMS06,2021-06-01,2021Q2,,D:\image\临河\2021Q2\JKF01_0075_00051610_20210601110734_0PMS06_003_F\JKF01_0075_00051610_20210601110734_0PMS06_003_F.tif,4911.7,52513,38940,3,uint8,EPSG:4326,0.564,sidecar_shp
JKF01_0075_00051610_20210601110737_0PMS05_003_F,JKF01,0PMS05,2021-06-01,2021Q2,,D:\image\临河\2021Q2\JKF01_0075_00051610_20210601110737_0PMS05_003_F\JKF01_0075_00051610_20210601110737_0PMS05_003_F.tif,4914.6,51850,38832,3,uint8,EPSG:4326,0.565,sidecar_shp
JKF01_0075_00051610_20210601110737_0PMS06_003_F,JKF01,0PMS06,2021-06-01,2021Q2,,D:\image\临河\2021Q2\JKF01_0075_00051610_20210601110737_0PMS06_003_F\JKF01_0075_00051610_20210601110737_0PMS06_003_F.tif,4868.1,52410,38966,3,uint8,EPSG:4326,0.566,sidecar_shp
JKF01_0075_00051610_20210601110740_0PMS05_003_F,JKF01,0PMS05,2021-06-01,2021Q2,,D:\image\临河\2021Q2\JKF01_0075_00051610_20210601110740_0PMS05_003_F\JKF01_0075_00051610_20210601110740_0PMS05_003_F.tif,4990.5,51670,38830,3,uint8,EPSG:4326,0.567,sidecar_shp
JKF01_0075_00051610_20210601110740_0PMS06_003_F,JKF01,0PMS06,2021-06-01,2021Q2,,D:\image\临河\2021Q2\JKF01_0075_00051610_20210601110740_0PMS06_003_F\JKF01_0075_00051610_20210601110740_0PMS06_003_F.tif,4775.8,52244,38955,3,uint8,EPSG:4326,0.567,sidecar_shp
JKF01_0075_00051610_20210601110746_0PMS05_003_F,JKF01,0PMS05,2021-06-01,2021Q2,,D:\image\临河\2021Q2\JKF01_0075_00051610_20210601110746_0PMS05_003_F\JKF01_0075_00051610_20210601110746_0PMS05_003_F.tif,4870.7,51335,38804,3,uint8,EPSG:4326,0.57,sidecar_shp
JKF01_0075_00057704_20210807105607_0PMS01_003_F,JKF01,0PMS01,2021-08-07,2021Q3,,D:\image\临河\2021Q3\JKF01_0075_00057704_20210807105607_0PMS01_003_F\JKF01_0075_00057704_20210807105607_0PMS01_003_F.tif,4826.4,49298,37485,3,uint8,EPSG:4326,0.564,raster_bbox
JKF01_0075_00057704_20210807105616_0PMS01_003_F,JKF01,0PMS01,2021-08-07,2021Q3,,D:\image\临河\2021Q3\JKF01_0075_00057704_20210807105616_0PMS01_003_F\JKF01_0075_00057704_20210807105616_0PMS01_003_F.tif,4431.4,48827,37559,3,uint8,EPSG:4326,0.569,raster_bbox
JKF01_0075_00058328_20210814110538_0PMS05_003_F,JKF01,0PMS05,2021-08-14,2021Q3,,D:\image\临河\2021Q3\JKF01_0075_00058328_20210814110538_0PMS05_003_F\JKF01_0075_00058328_20210814110538_0PMS05_003_F.tif,4966.9,51502,38624,3,uint8,EPSG:4326,0.568,raster_bbox
JKF01_0075_00058328_20210814110541_0PMS05_003_F,JKF01,0PMS05,2021-08-14,2021Q3,,D:\image\临河\2021Q3\JKF01_0075_00058328_20210814110541_0PMS05_003_F\JKF01_0075_00058328_20210814110541_0PMS05_003_F.tif,5016.5,51339,38599,3,uint8,EPSG:4326,0.57,raster_bbox
JKF01_0075_00058328_20210814110541_0PMS06_003_F,JKF01,0PMS06,2021-08-14,2021Q3,,D:\image\临河\2021Q3\JKF01_0075_00058328_20210814110541_0PMS06_003_F\JKF01_0075_00058328_20210814110541_0PMS06_003_F.tif,4921.7,51987,38741,3,uint8,EPSG:4326,0.57,raster_bbox
JKF01_0075_00060675_20210909105926_0PMS02_003_F,JKF01,0PMS02,2021-09-09,2021Q3,,D:\image\临河\2021Q3\JKF01_0075_00060675_20210909105926_0PMS02_003_F\JKF01_0075_00060675_20210909105926_0PMS02_003_F.tif,4994.4,49798,37573,3,uint8,EPSG:4326,0.564,raster_bbox
JKF01_0075_00060675_20210909105929_0PMS02_003_F,JKF01,0PMS02,2021-09-09,2021Q3,,D:\image\临河\2021Q3\JKF01_0075_00060675_20210909105929_0PMS02_003_F\JKF01_0075_00060675_20210909105929_0PMS02_003_F.tif,5240.5,49712,37670,3,uint8,EPSG:4326,0.565,raster_bbox
JKF01_0075_00060675_20210909105929_0PMS03_003_F,JKF01,0PMS03,2021-09-09,2021Q3,,D:\image\临河\2021Q3\JKF01_0075_00060675_20210909105929_0PMS03_003_F\JKF01_0075_00060675_20210909105929_0PMS03_003_F.tif,5304.8,50179,38075,3,uint8,EPSG:4326,0.566,raster_bbox
JKF01_0075_00060675_20210909105932_0PMS02_003_F,JKF01,0PMS02,2021-09-09,2021Q3,,D:\image\临河\2021Q3\JKF01_0075_00060675_20210909105932_0PMS02_003_F\JKF01_0075_00060675_20210909105932_0PMS02_003_F.tif,5192.1,49550,37681,3,uint8,EPSG:4326,0.567,raster_bbox
JKF01_0075_00060675_20210909105932_0PMS03_003_F,JKF01,0PMS03,2021-09-09,2021Q3,,D:\image\临河\2021Q3\JKF01_0075_00060675_20210909105932_0PMS03_003_F\JKF01_0075_00060675_20210909105932_0PMS03_003_F.tif,4898.9,50028,38076,3,uint8,EPSG:4326,0.568,raster_bbox
JKF01_0075_00060675_20210909105935_0PMS02_003_F,JKF01,0PMS02,2021-09-09,2021Q3,,D:\image\临河\2021Q3\JKF01_0075_00060675_20210909105935_0PMS02_003_F\JKF01_0075_00060675_20210909105935_0PMS02_003_F.tif,4832.6,49393,37668,3,uint8,EPSG:4326,0.569,raster_bbox
JKF01_0075_00060675_20210909105935_0PMS01_003_F,JKF01,0PMS01,2021-09-09,2021Q4,,D:\image\临河\2021Q4\JKF01_0075_00060675_20210909105935_0PMS01_003_F\JKF01_0075_00060675_20210909105935_0PMS01_003_F.tif,5198.7,49010,37576,3,uint8,EPSG:4326,0.568,raster_bbox
JKF01_0075_00064671_20211023105829_0PMS02_003_F,JKF01,0PMS02,2021-10-23,2021Q4,,D:\image\临河\2021Q4\JKF01_0075_00064671_20211023105829_0PMS02_003_F\JKF01_0075_00064671_20211023105829_0PMS02_003_F.tif,4398.9,48379,36304,3,uint8,EPSG:4326,0.564,raster_bbox
JKF01_0075_00064671_20211023105829_0PMS03_003_F,JKF01,0PMS03,2021-10-23,2021Q4,,D:\image\临河\2021Q4\JKF01_0075_00064671_20211023105829_0PMS03_003_F\JKF01_0075_00064671_20211023105829_0PMS03_003_F.tif,4509.4,49067,36926,3,uint8,EPSG:4326,0.565,raster_bbox
JKF01_0075_00064671_20211023105832_0PMS02_003_F,JKF01,0PMS02,2021-10-23,2021Q4,,D:\image\临河\2021Q4\JKF01_0075_00064671_20211023105832_0PMS02_003_F\JKF01_0075_00064671_20211023105832_0PMS02_003_F.tif,4460.4,48242,36372,3,uint8,EPSG:4326,0.566,raster_bbox
JKF01_0075_00064671_20211023105832_0PMS03_003_F,JKF01,0PMS03,2021-10-23,2021Q4,,D:\image\临河\2021Q4\JKF01_0075_00064671_20211023105832_0PMS03_003_F\JKF01_0075_00064671_20211023105832_0PMS03_003_F.tif,4599.4,48915,36925,3,uint8,EPSG:4326,0.566,raster_bbox
JKF01_0075_00064671_20211023105835_0PMS01_003_F,JKF01,0PMS01,2021-10-23,2021Q4,,D:\image\临河\2021Q4\JKF01_0075_00064671_20211023105835_0PMS01_003_F\JKF01_0075_00064671_20211023105835_0PMS01_003_F.tif,4360.8,47565,36274,3,uint8,EPSG:4326,0.567,raster_bbox
JKF01_0075_00064671_20211023105835_0PMS02_003_F,JKF01,0PMS02,2021-10-23,2021Q4,,D:\image\临河\2021Q4\JKF01_0075_00064671_20211023105835_0PMS02_003_F\JKF01_0075_00064671_20211023105835_0PMS02_003_F.tif,4529.2,48093,36370,3,uint8,EPSG:4326,0.568,raster_bbox
JKF01_0075_00064671_20211023105835_0PMS03_003_F,JKF01,0PMS03,2021-10-23,2021Q4,,D:\image\临河\2021Q4\JKF01_0075_00064671_20211023105835_0PMS03_003_F\JKF01_0075_00064671_20211023105835_0PMS03_003_F.tif,4446.2,48766,36917,3,uint8,EPSG:4326,0.568,raster_bbox
JKF01_0075_00064671_20211023105838_0PMS02_003_F,JKF01,0PMS02,2021-10-23,2021Q4,,D:\image\临河\2021Q4\JKF01_0075_00064671_20211023105838_0PMS02_003_F\JKF01_0075_00064671_20211023105838_0PMS02_003_F.tif,4287.6,47946,36353,3,uint8,EPSG:4326,0.569,raster_bbox
JKF01_0075_00064671_20211023105838_0PMS03_003_F,JKF01,0PMS03,2021-10-23,2021Q4,,D:\image\临河\2021Q4\JKF01_0075_00064671_20211023105838_0PMS03_003_F\JKF01_0075_00064671_20211023105838_0PMS03_003_F.tif,4499.2,48612,36909,3,uint8,EPSG:4326,0.57,raster_bbox
GF600_0200_20182636_20220217121118_000PMS_003_F,GF600,,2022-02-17,2022Q1,,D:\image\临河\2022Q1\GF600_0200_20182636_20220217121118_000PMS_003_F\GF600_0200_20182636_20220217121118_000PMS_003_F.tif,5649.0,71028,51105,3,uint8,"GEOGCS[""GCS_China Geodetic Coordinate System 2000"",DATUM[""unnamed"",SPHEROID[""unnamed"",6378137,298.257222101004]],PRIMEM[""Greenwich"",0],UNIT[""degree"",0.0174532925199433,AUTHORITY[""EPSG"",""9122""]],AXIS[""Latitude"",NORTH],AXIS[""Longitude"",EAST]]",1.597,raster_bbox
GF600_0200_20182642_20220217121131_000PMS_003_F,GF600,,2022-02-17,2022Q1,,D:\image\临河\2022Q1\GF600_0200_20182642_20220217121131_000PMS_003_F\GF600_0200_20182642_20220217121131_000PMS_003_F.tif,5311.7,70160,51026,3,uint8,"GEOGCS[""GCS_China Geodetic Coordinate System 2000"",DATUM[""unnamed"",SPHEROID[""unnamed"",6378137,298.257222101004]],PRIMEM[""Greenwich"",0],UNIT[""degree"",0.0174532925199433,AUTHORITY[""EPSG"",""9122""]],AXIS[""Latitude"",NORTH],AXIS[""Longitude"",EAST]]",1.615,raster_bbox
JKF01_0075_00087604_20220607110616_0PMS05_003_F,JKF01,0PMS05,2022-06-07,2022Q2,,D:\image\临河\2022Q2\JKF01_0075_00087604_20220607110616_0PMS05_003_F\JKF01_0075_00087604_20220607110616_0PMS05_003_F.tif,6195.5,54991,42017,3,uint8,EPSG:4326,0.564,raster_bbox
JKF01_0075_00087604_20220607110622_0PMS05_003_F,JKF01,0PMS05,2022-06-07,2022Q2,,D:\image\临河\2022Q2\JKF01_0075_00087604_20220607110622_0PMS05_003_F\JKF01_0075_00087604_20220607110622_0PMS05_003_F.tif,5752.7,54632,42115,3,uint8,EPSG:4326,0.568,raster_bbox
JKF01_0075_00090782_20220629110532_0PMS05_003_F,JKF01,0PMS05,2022-06-29,2022Q2,,D:\image\临河\2022Q2\JKF01_0075_00090782_20220629110532_0PMS05_003_F\JKF01_0075_00090782_20220629110532_0PMS05_003_F.tif,5633.1,54690,42052,3,uint8,EPSG:4326,0.566,raster_bbox
JKF01_0075_00090782_20220629110535_0PMS05_003_F,JKF01,0PMS05,2022-06-29,2022Q2,,D:\image\临河\2022Q2\JKF01_0075_00090782_20220629110535_0PMS05_003_F\JKF01_0075_00090782_20220629110535_0PMS05_003_F.tif,5200.5,54499,42033,3,uint8,EPSG:4326,0.568,raster_bbox
JKF01_0075_20008760_20220607110616_0PMS06_003_F,JKF01,0PMS06,2022-06-07,2022Q2,,D:\image\临河\2022Q2\JKF01_0075_20008760_20220607110616_0PMS06_003_F\JKF01_0075_20008760_20220607110616_0PMS06_003_F.tif,3844.8,46312,35562,3,uint8,EPSG:4490,0.67,raster_bbox
JKF01_0075_20008760_20220607110619_0PMS05_003_F,JKF01,0PMS05,2022-06-07,2022Q2,,D:\image\临河\2022Q2\JKF01_0075_20008760_20220607110619_0PMS05_003_F\JKF01_0075_20008760_20220607110619_0PMS05_003_F.tif,3951.0,46188,35437,3,uint8,EPSG:4490,0.672,raster_bbox
JKF01_0075_20008760_20220607110619_0PMS06_003_F,JKF01,0PMS06,2022-06-07,2022Q2,,D:\image\临河\2022Q2\JKF01_0075_20008760_20220607110619_0PMS06_003_F\JKF01_0075_20008760_20220607110619_0PMS06_003_F.tif,4075.1,46128,35562,3,uint8,EPSG:4490,0.672,raster_bbox
JKF01_0075_20008760_20220607110622_0PMS06_003_F,JKF01,0PMS06,2022-06-07,2022Q2,,D:\image\临河\2022Q2\JKF01_0075_20008760_20220607110622_0PMS06_003_F\JKF01_0075_20008760_20220607110622_0PMS06_003_F.tif,4075.6,46000,35562,3,uint8,EPSG:4490,0.674,raster_bbox
JKF01_0075_00096483_20220811110736_0PMS02_003_F,JKF01,0PMS02,2022-08-11,2022Q3,0.0,D:\image\临河\2022Q3\低精度正射成果\JKF01_0075_00096483_20220811110736_0PMS02_003_F\JKF01_0075_00096483_20220811110736_0PMS02_003_F.tif,5964.3,54760,41768,3,uint8,EPSG:4326,0.565,raster_bbox
JKF01_0075_00096483_20220811110736_0PMS03_003_F,JKF01,0PMS03,2022-08-11,2022Q3,0.0,D:\image\临河\2022Q3\低精度正射成果\JKF01_0075_00096483_20220811110736_0PMS03_003_F\JKF01_0075_00096483_20220811110736_0PMS03_003_F.tif,6081.6,54768,41860,3,uint8,EPSG:4326,0.565,raster_bbox
JKF01_0075_00096483_20220811110739_0PMS02_003_F,JKF01,0PMS02,2022-08-11,2022Q3,0.0,D:\image\临河\2022Q3\低精度正射成果\JKF01_0075_00096483_20220811110739_0PMS02_003_F\JKF01_0075_00096483_20220811110739_0PMS02_003_F.tif,6063.5,54624,41816,3,uint8,EPSG:4326,0.566,raster_bbox
JKF01_0075_00096483_20220811110739_0PMS03_003_F,JKF01,0PMS03,2022-08-11,2022Q3,0.0,D:\image\临河\2022Q3\低精度正射成果\JKF01_0075_00096483_20220811110739_0PMS03_003_F\JKF01_0075_00096483_20220811110739_0PMS03_003_F.tif,5897.2,54588,41868,3,uint8,EPSG:4326,0.567,raster_bbox
JKF01_0075_00096483_20220811110743_0PMS02_003_F,JKF01,0PMS02,2022-08-11,2022Q3,0.0,D:\image\临河\2022Q3\低精度正射成果\JKF01_0075_00096483_20220811110743_0PMS02_003_F\JKF01_0075_00096483_20220811110743_0PMS02_003_F.tif,6023.2,54368,41876,3,uint8,EPSG:4326,0.568,raster_bbox
JKF01_0075_00096483_20220811110743_0PMS03_003_F,JKF01,0PMS03,2022-08-11,2022Q3,0.0,D:\image\临河\2022Q3\低精度正射成果\JKF01_0075_00096483_20220811110743_0PMS03_003_F\JKF01_0075_00096483_20220811110743_0PMS03_003_F.tif,5840.2,54388,41860,3,uint8,EPSG:4326,0.569,raster_bbox
JKF01_0075_00096483_20220811110746_0PMS02_003_F,JKF01,0PMS02,2022-08-11,2022Q3,0.0,D:\image\临河\2022Q3\低精度正射成果\JKF01_0075_00096483_20220811110746_0PMS02_003_F\JKF01_0075_00096483_20220811110746_0PMS02_003_F.tif,5962.8,54248,41872,3,uint8,EPSG:4326,0.57,raster_bbox
JKF01_0075_00096483_20220811110746_0PMS03_003_F,JKF01,0PMS03,2022-08-11,2022Q3,0.0,D:\image\临河\2022Q3\低精度正射成果\JKF01_0075_00096483_20220811110746_0PMS03_003_F\JKF01_0075_00096483_20220811110746_0PMS03_003_F.tif,5663.3,54204,41848,3,uint8,EPSG:4326,0.57,raster_bbox
JKF01_0075_00099710_20220901111119_0PMS04_003_F,JKF01,0PMS04,2022-09-01,2022Q3,0.0,D:\image\临河\2022Q3\低精度正射成果\JKF01_0075_00099710_20220901111119_0PMS04_003_F\JKF01_0075_00099710_20220901111119_0PMS04_003_F.tif,6153.4,55556,41936,3,uint8,EPSG:4326,0.564,raster_bbox
JKF01_0075_00099710_20220901111123_0PMS04_003_F,JKF01,0PMS04,2022-09-01,2022Q3,0.0,D:\image\临河\2022Q3\低精度正射成果\JKF01_0075_00099710_20220901111123_0PMS04_003_F\JKF01_0075_00099710_20220901111123_0PMS04_003_F.tif,6579.6,55412,41984,3,uint8,EPSG:4326,0.565,raster_bbox
JKF01_0075_00099710_20220901111126_0PMS03_003_F,JKF01,0PMS03,2022-09-01,2022Q3,0.0,D:\image\临河\2022Q3\低精度正射成果\JKF01_0075_00099710_20220901111126_0PMS03_003_F\JKF01_0075_00099710_20220901111126_0PMS03_003_F.tif,6403.9,54888,41864,3,uint8,EPSG:4326,0.567,raster_bbox
JKF01_0075_00099710_20220901111126_0PMS04_003_F,JKF01,0PMS04,2022-09-01,2022Q3,0.0,D:\image\临河\2022Q3\低精度正射成果\JKF01_0075_00099710_20220901111126_0PMS04_003_F\JKF01_0075_00099710_20220901111126_0PMS04_003_F.tif,5976.6,55228,41980,3,uint8,EPSG:4326,0.567,raster_bbox
GF600_0200_20258916_20221017120806_000PMS_003_F,GF600,,2022-10-17,2022Q4,,D:\image\临河\2022Q4\GF600_0200_20258916_20221017120806_000PMS_003_F\GF600_0200_20258916_20221017120806_000PMS_003_F.tif,8404.3,70336,50631,3,uint8,"GEOGCS[""GCS_China Geodetic Coordinate System 2000"",DATUM[""unnamed"",SPHEROID[""unnamed"",6378137,298.257222101004]],PRIMEM[""Greenwich"",0],UNIT[""degree"",0.0174532925199433,AUTHORITY[""EPSG"",""9122""]],AXIS[""Latitude"",NORTH],AXIS[""Longitude"",EAST]]",1.597,raster_bbox
GF600_0200_20258923_20221017120818_000PMS_003_F,GF600,,2022-10-17,2022Q4,,D:\image\临河\2022Q4\GF600_0200_20258923_20221017120818_000PMS_003_F\GF600_0200_20258923_20221017120818_000PMS_003_F.tif,7606.4,69496,50547,3,uint8,"GEOGCS[""GCS_China Geodetic Coordinate System 2000"",DATUM[""unnamed"",SPHEROID[""unnamed"",6378137,298.257222101004]],PRIMEM[""Greenwich"",0],UNIT[""degree"",0.0174532925199433,AUTHORITY[""EPSG"",""9122""]],AXIS[""Latitude"",NORTH],AXIS[""Longitude"",EAST]]",1.615,raster_bbox
GF600_0200_20305436_20230330120508_000PMS_003_F,GF600,,2023-03-30,2023Q1,,D:\image\临河\2023Q1\GF600_0200_20305436_20230330120508_000PMS_003_F\GF600_0200_20305436_20230330120508_000PMS_003_F.tif,7769.4,71424,51421,3,uint8,"GEOGCS[""GCS_China Geodetic Coordinate System 2000"",DATUM[""unnamed"",SPHEROID[""unnamed"",6378137,298.257222101004]],PRIMEM[""Greenwich"",0],UNIT[""degree"",0.0174532925199433,AUTHORITY[""EPSG"",""9122""]],AXIS[""Latitude"",NORTH],AXIS[""Longitude"",EAST]]",1.597,raster_bbox
GF600_0200_20326087_20230620120238_000PMS_003_F,GF600,,2023-06-20,2023Q2,,D:\image\临河\2023Q2\GF600_0200_20326087_20230620120238_000PMS_003_F\GF600_0200_20326087_20230620120238_000PMS_003_F.tif,8141.7,70292,50605,3,uint8,"GEOGCS[""GCS_China Geodetic Coordinate System 2000"",DATUM[""unnamed"",SPHEROID[""unnamed"",6378137,298.257222101004]],PRIMEM[""Greenwich"",0],UNIT[""degree"",0.0174532925199433,AUTHORITY[""EPSG"",""9122""]],AXIS[""Latitude"",NORTH],AXIS[""Longitude"",EAST]]",1.597,raster_bbox
GF6_PMS_E107.3_N41.0_20230910_L1A1420352378-PAN,GF6,PMS,,2023Q3,,D:\image\临河\2023Q3\GF6_PMS_E107.3_N41.0_20230910_L1A1420352378-PAN\GF6_PMS_E107.3_N41.0_20230910_L1A1420352378-PAN.tif,8677.9,67889,48955,3,uint8,EPSG:4326,1.654,raster_bbox
GF1D0_0200_57305958_20231102113247_000PMS_003_F,GF1D0,,2023-11-02,2023Q4,,D:\image\临河\2023Q4\GF1D0_0200_57305958_20231102113247_000PMS_003_F\GF1D0_0200_57305958_20231102113247_000PMS_003_F.tif,4023.3,50028,37736,3,uint8,"GEOGCS[""GCS_China Geodetic Coordinate System 2000"",DATUM[""unnamed"",SPHEROID[""unnamed"",6378137,298.257222101004]],PRIMEM[""Greenwich"",0],UNIT[""degree"",0.0174532925199433,AUTHORITY[""EPSG"",""9122""]],AXIS[""Latitude"",NORTH],AXIS[""Longitude"",EAST]]",1.602,raster_bbox
GF1D0_0200_57305959_20231102113238_000PMS_003_F,GF1D0,,2023-11-02,2023Q4,,D:\image\临河\2023Q4\GF1D0_0200_57305959_20231102113238_000PMS_003_F\GF1D0_0200_57305959_20231102113238_000PMS_003_F.tif,3583.6,50476,37736,3,uint8,"GEOGCS[""GCS_China Geodetic Coordinate System 2000"",DATUM[""unnamed"",SPHEROID[""unnamed"",6378137,298.257222101004]],PRIMEM[""Greenwich"",0],UNIT[""degree"",0.0174532925199433,AUTHORITY[""EPSG"",""9122""]],AXIS[""Latitude"",NORTH],AXIS[""Longitude"",EAST]]",1.589,raster_bbox
GF200_0080_40444001_20231217103224_00PMS1_003_F,GF200,,2023-12-17,2023Q4,,D:\image\临河\2023Q4\GF200_0080_40444001_20231217103224_00PMS1_003_F\GF200_0080_40444001_20231217103224_00PMS1_003_F.tif,3066.8,41564,30500,3,uint8,"GEOGCS[""GCS_China Geodetic Coordinate System 2000"",DATUM[""unnamed"",SPHEROID[""unnamed"",6378137,298.257222101004]],PRIMEM[""Greenwich"",0],UNIT[""degree"",0.0174532925199433,AUTHORITY[""EPSG"",""9122""]],AXIS[""Latitude"",NORTH],AXIS[""Longitude"",EAST]]",0.669,raster_bbox
GF200_0080_40445001_20231217103227_00PMS1_003_F,GF200,,2023-12-17,2023Q4,,D:\image\临河\2023Q4\GF200_0080_40445001_20231217103227_00PMS1_003_F\GF200_0080_40445001_20231217103227_00PMS1_003_F.tif,3384.6,41440,30500,3,uint8,"GEOGCS[""GCS_China Geodetic Coordinate System 2000"",DATUM[""unnamed"",SPHEROID[""unnamed"",6378137,298.257222101004]],PRIMEM[""Greenwich"",0],UNIT[""degree"",0.0174532925199433,AUTHORITY[""EPSG"",""9122""]],AXIS[""Latitude"",NORTH],AXIS[""Longitude"",EAST]]",0.671,raster_bbox
GF200_0080_40446001_20231217103230_00PMS1_003_F,GF200,,2023-12-17,2023Q4,,D:\image\临河\2023Q4\GF200_0080_40446001_20231217103230_00PMS1_003_F\GF200_0080_40446001_20231217103230_00PMS1_003_F.tif,3514.1,41312,30750,3,uint8,"GEOGCS[""GCS_China Geodetic Coordinate System 2000"",DATUM[""unnamed"",SPHEROID[""unnamed"",6378137,298.257222101004]],PRIMEM[""Greenwich"",0],UNIT[""degree"",0.0174532925199433,AUTHORITY[""EPSG"",""9122""]],AXIS[""Latitude"",NORTH],AXIS[""Longitude"",EAST]]",0.672,raster_bbox
GF200_0080_40447001_20231217103233_00PMS1_003_F,GF200,,2023-12-17,2023Q4,,D:\image\临河\2023Q4\GF200_0080_40447001_20231217103233_00PMS1_003_F\GF200_0080_40447001_20231217103233_00PMS1_003_F.tif,3556.9,41252,30500,3,uint8,"GEOGCS[""GCS_China Geodetic Coordinate System 2000"",DATUM[""unnamed"",SPHEROID[""unnamed"",6378137,298.257222101004]],PRIMEM[""Greenwich"",0],UNIT[""degree"",0.0174532925199433,AUTHORITY[""EPSG"",""9122""]],AXIS[""Latitude"",NORTH],AXIS[""Longitude"",EAST]]",0.674,raster_bbox
GF200_0080_40448001_20231217103236_00PMS1_003_F,GF200,,2023-12-17,2023Q4,,D:\image\临河\2023Q4\GF200_0080_40448001_20231217103236_00PMS1_003_F\GF200_0080_40448001_20231217103236_00PMS1_003_F.tif,3460.9,41064,30500,3,uint8,"GEOGCS[""GCS_China Geodetic Coordinate System 2000"",DATUM[""unnamed"",SPHEROID[""unnamed"",6378137,298.257222101004]],PRIMEM[""Greenwich"",0],UNIT[""degree"",0.0174532925199433,AUTHORITY[""EPSG"",""9122""]],AXIS[""Latitude"",NORTH],AXIS[""Longitude"",EAST]]",0.676,raster_bbox
GF200_0080_88556001_20231014104110_00PMS2_003_F,GF200,,2023-10-14,2023Q4,,D:\image\临河\2023Q4\GF200_0080_88556001_20231014104110_00PMS2_003_F\GF200_0080_88556001_20231014104110_00PMS2_003_F.tif,3121.6,41064,30187,3,uint8,"GEOGCS[""GCS_China Geodetic Coordinate System 2000"",DATUM[""unnamed"",SPHEROID[""unnamed"",6378137,298.257222101004]],PRIMEM[""Greenwich"",0],UNIT[""degree"",0.0174532925199433,AUTHORITY[""EPSG"",""9122""]],AXIS[""Latitude"",NORTH],AXIS[""Longitude"",EAST]]",0.669,raster_bbox
GF200_0080_88557001_20231014104113_00PMS2_003_F,GF200,,2023-10-14,2023Q4,,D:\image\临河\2023Q4\GF200_0080_88557001_20231014104113_00PMS2_003_F\GF200_0080_88557001_20231014104113_00PMS2_003_F.tif,2925.5,41000,30250,3,uint8,"GEOGCS[""GCS_China Geodetic Coordinate System 2000"",DATUM[""unnamed"",SPHEROID[""unnamed"",6378137,298.257222101004]],PRIMEM[""Greenwich"",0],UNIT[""degree"",0.0174532925199433,AUTHORITY[""EPSG"",""9122""]],AXIS[""Latitude"",NORTH],AXIS[""Longitude"",EAST]]",0.671,raster_bbox
GF200_0080_88558001_20231014104116_00PMS2_003_F,GF200,,2023-10-14,2023Q4,,D:\image\临河\2023Q4\GF200_0080_88558001_20231014104116_00PMS2_003_F\GF200_0080_88558001_20231014104116_00PMS2_003_F.tif,2976.6,40876,30187,3,uint8,"GEOGCS[""GCS_China Geodetic Coordinate System 2000"",DATUM[""unnamed"",SPHEROID[""unnamed"",6378137,298.257222101004]],PRIMEM[""Greenwich"",0],UNIT[""degree"",0.0174532925199433,AUTHORITY[""EPSG"",""9122""]],AXIS[""Latitude"",NORTH],AXIS[""Longitude"",EAST]]",0.673,raster_bbox
GF200_0080_88559001_20231014104119_00PMS2_003_F,GF200,,2023-10-14,2023Q4,,D:\image\临河\2023Q4\GF200_0080_88559001_20231014104119_00PMS2_003_F\GF200_0080_88559001_20231014104119_00PMS2_003_F.tif,3021.8,40752,30187,3,uint8,"GEOGCS[""GCS_China Geodetic Coordinate System 2000"",DATUM[""unnamed"",SPHEROID[""unnamed"",6378137,298.257222101004]],PRIMEM[""Greenwich"",0],UNIT[""degree"",0.0174532925199433,AUTHORITY[""EPSG"",""9122""]],AXIS[""Latitude"",NORTH],AXIS[""Longitude"",EAST]]",0.675,raster_bbox
GF200_0080_88560001_20231014104122_00PMS2_003_F,GF200,,2023-10-14,2023Q4,,D:\image\临河\2023Q4\GF200_0080_88560001_20231014104122_00PMS2_003_F\GF200_0080_88560001_20231014104122_00PMS2_003_F.tif,2904.5,40628,30187,3,uint8,"GEOGCS[""GCS_China Geodetic Coordinate System 2000"",DATUM[""unnamed"",SPHEROID[""unnamed"",6378137,298.257222101004]],PRIMEM[""Greenwich"",0],UNIT[""degree"",0.0174532925199433,AUTHORITY[""EPSG"",""9122""]],AXIS[""Latitude"",NORTH],AXIS[""Longitude"",EAST]]",0.677,raster_bbox
GF1B0_0200_28419878_20240104112940_000PMS_003_F,GF1B0,,2024-01-04,2024Q1,,D:\image\临河\2024Q1\GF1B0_0200_28419878_20240104112940_000PMS_003_F\GF1B0_0200_28419878_20240104112940_000PMS_003_F.tif,4454.9,49948,37684,3,uint8,"GEOGCS[""GCS_China Geodetic Coordinate System 2000"",DATUM[""unnamed"",SPHEROID[""unnamed"",6378137,298.257222101004]],PRIMEM[""Greenwich"",0],UNIT[""degree"",0.0174532925199433,AUTHORITY[""EPSG"",""9122""]],AXIS[""Latitude"",NORTH],AXIS[""Longitude"",EAST]]",1.602,raster_bbox
GF1B0_0200_28439910_20240210112943_000PMS_003_F,GF1B0,,2024-02-10,2024Q1,,D:\image\临河\2024Q1\GF1B0_0200_28439910_20240210112943_000PMS_003_F\GF1B0_0200_28439910_20240210112943_000PMS_003_F.tif,3700.4,50368,37710,3,uint8,"GEOGCS[""GCS_China Geodetic Coordinate System 2000"",DATUM[""unnamed"",SPHEROID[""unnamed"",6378137,298.257222101004]],PRIMEM[""Greenwich"",0],UNIT[""degree"",0.0174532925199433,AUTHORITY[""EPSG"",""9122""]],AXIS[""Latitude"",NORTH],AXIS[""Longitude"",EAST]]",1.589,raster_bbox
GF1B0_0200_28439924_20240210112952_000PMS_003_F,GF1B0,,2024-02-10,2024Q1,,D:\image\临河\2024Q1\GF1B0_0200_28439924_20240210112952_000PMS_003_F\GF1B0_0200_28439924_20240210112952_000PMS_003_F.tif,3947.3,49976,37684,3,uint8,"GEOGCS[""GCS_China Geodetic Coordinate System 2000"",DATUM[""unnamed"",SPHEROID[""unnamed"",6378137,298.257222101004]],PRIMEM[""Greenwich"",0],UNIT[""degree"",0.0174532925199433,AUTHORITY[""EPSG"",""9122""]],AXIS[""Latitude"",NORTH],AXIS[""Longitude"",EAST]]",1.602,raster_bbox
GF1B0_0200_28470611_20240326112432_000PMS_003_F,GF1B0,,2024-03-26,2024Q1,,D:\image\临河\2024Q1\GF1B0_0200_28470611_20240326112432_000PMS_003_F\GF1B0_0200_28470611_20240326112432_000PMS_003_F.tif,4188.8,50028,37421,3,uint8,"GEOGCS[""GCS_China Geodetic Coordinate System 2000"",DATUM[""unnamed"",SPHEROID[""unnamed"",6378137,298.257222101004]],PRIMEM[""Greenwich"",0],UNIT[""degree"",0.0174532925199433,AUTHORITY[""EPSG"",""9122""]],AXIS[""Latitude"",NORTH],AXIS[""Longitude"",EAST]]",1.589,raster_bbox
JL1KF01A_PMS04_20240414114033_200254508_101_0007_001_L1_PAN,JL1KF01A,PMS04,2024-04-14,2024Q2,,D:\image\临河\2024Q2\JL1KF01A_PMS04_20240414114033_200254508_101_0007_001_L1_PAN\JL1KF01A_PMS04_20240414114033_200254508_101_0007_001_L1_PAN.tif,4729.1,49547,37441,3,uint8,EPSG:4326,0.637,raster_bbox
JL1KF01A_PMS04_20240414114033_200254508_101_0008_001_L1_PAN,JL1KF01A,PMS04,2024-04-14,2024Q2,,D:\image\临河\2024Q2\JL1KF01A_PMS04_20240414114033_200254508_101_0008_001_L1_PAN\JL1KF01A_PMS04_20240414114033_200254508_101_0008_001_L1_PAN.tif,4928.8,49548,37541,3,uint8,EPSG:4326,0.639,raster_bbox
JL1KF01A_PMS04_20240414114033_200254508_101_0009_001_L1_PAN,JL1KF01A,PMS04,2024-04-14,2024Q2,,D:\image\临河\2024Q2\JL1KF01A_PMS04_20240414114033_200254508_101_0009_001_L1_PAN\JL1KF01A_PMS04_20240414114033_200254508_101_0009_001_L1_PAN.tif,4871.9,49428,37577,3,uint8,EPSG:4326,0.64,raster_bbox
JL1KF01A_PMS04_20240414114033_200254508_101_0010_001_L1_PAN,JL1KF01A,PMS04,2024-04-14,2024Q2,,D:\image\临河\2024Q2\JL1KF01A_PMS04_20240414114033_200254508_101_0010_001_L1_PAN\JL1KF01A_PMS04_20240414114033_200254508_101_0010_001_L1_PAN.tif,4706.3,49315,37609,3,uint8,EPSG:4326,0.641,raster_bbox
JL1KF01A_PMS05_20240414114033_200254508_101_0007_001_L1_PAN,JL1KF01A,PMS05,2024-04-14,2024Q2,,D:\image\临河\2024Q2\JL1KF01A_PMS05_20240414114033_200254508_101_0007_001_L1_PAN\JL1KF01A_PMS05_20240414114033_200254508_101_0007_001_L1_PAN.tif,4755.1,49687,37585,3,uint8,EPSG:4326,0.641,raster_bbox
JL1KF01A_PMS05_20240414114033_200254508_101_0008_001_L1_PAN,JL1KF01A,PMS05,2024-04-14,2024Q2,,D:\image\临河\2024Q2\JL1KF01A_PMS05_20240414114033_200254508_101_0008_001_L1_PAN\JL1KF01A_PMS05_20240414114033_200254508_101_0008_001_L1_PAN.tif,4926.3,49594,37683,3,uint8,EPSG:4326,0.642,raster_bbox
JL1KF01A_PMS05_20240414114033_200254508_101_0009_001_L1_PAN,JL1KF01A,PMS05,2024-04-14,2024Q2,,D:\image\临河\2024Q2\JL1KF01A_PMS05_20240414114033_200254508_101_0009_001_L1_PAN\JL1KF01A_PMS05_20240414114033_200254508_101_0009_001_L1_PAN.tif,4627.3,49477,37712,3,uint8,EPSG:4326,0.643,raster_bbox
GF2_PMS1_E107.6_N41.1_20240721_L1A13972256001-PAN1,GF2,PMS1,,2024Q3,,D:\image\临河\2024Q3\GF2_PMS1_E107.6_N41.1_20240721_L1A13972256001-PAN1\GF2_PMS1_E107.6_N41.1_20240721_L1A13972256001-PAN1.tif,3022.9,41565,30629,3,uint8,EPSG:4326,0.675,raster_bbox
GF2_PMS1_E107.6_N41.3_20240721_L1A13972255001-PAN1,GF2,PMS1,,2024Q3,,D:\image\临河\2024Q3\GF2_PMS1_E107.6_N41.3_20240721_L1A13972255001-PAN1\GF2_PMS1_E107.6_N41.3_20240721_L1A13972255001-PAN1.tif,2829.0,41644,30601,3,uint8,EPSG:4326,0.674,raster_bbox
GF2_PMS2_E107.8_N41.1_20240721_L1A13972315001-PAN2,GF2,PMS2,,2024Q3,,D:\image\临河\2024Q3\GF2_PMS2_E107.8_N41.1_20240721_L1A13972315001-PAN2\GF2_PMS2_E107.8_N41.1_20240721_L1A13972315001-PAN2.tif,2711.6,41640,30712,3,uint8,EPSG:4326,0.675,raster_bbox
JL1KF01A_PMS05_20240703114024_200279671_101_0024_001_L1_PAN,JL1KF01A,PMS05,2024-07-03,2024Q3,,D:\image\临河\2024Q3\JL1KF01A_PMS05_20240703114024_200279671_101_0024_001_L1_PAN\JL1KF01A_PMS05_20240703114024_200279671_101_0024_001_L1_PAN.tif,4824.7,48900,37666,3,uint8,EPSG:4326,0.621,raster_bbox
JL1KF01A_PMS05_20240703114024_200279671_101_0025_001_L1_PAN,JL1KF01A,PMS05,2024-07-03,2024Q3,,D:\image\临河\2024Q3\JL1KF01A_PMS05_20240703114024_200279671_101_0025_001_L1_PAN\JL1KF01A_PMS05_20240703114024_200279671_101_0025_001_L1_PAN.tif,4738.5,48905,37694,3,uint8,EPSG:4326,0.622,raster_bbox
JL1KF01A_PMS05_20240703114024_200279671_101_0026_001_L1_PAN,JL1KF01A,PMS05,2024-07-03,2024Q3,,D:\image\临河\2024Q3\JL1KF01A_PMS05_20240703114024_200279671_101_0026_001_L1_PAN\JL1KF01A_PMS05_20240703114024_200279671_101_0026_001_L1_PAN.tif,4651.7,48795,37721,3,uint8,EPSG:4326,0.623,raster_bbox
JL1KF01A_PMS06_20240703114025_200279671_101_0024_001_L1_PAN,JL1KF01A,PMS06,2024-07-03,2024Q3,,D:\image\临河\2024Q3\JL1KF01A_PMS06_20240703114025_200279671_101_0024_001_L1_PAN\JL1KF01A_PMS06_20240703114025_200279671_101_0024_001_L1_PAN.tif,4858.6,48928,37866,3,uint8,EPSG:4326,0.619,raster_bbox
JL1KF01A_PMS06_20240703114025_200279671_101_0025_001_L1_PAN,JL1KF01A,PMS06,2024-07-03,2024Q3,,D:\image\临河\2024Q3\JL1KF01A_PMS06_20240703114025_200279671_101_0025_001_L1_PAN\JL1KF01A_PMS06_20240703114025_200279671_101_0025_001_L1_PAN.tif,4666.2,48848,37899,3,uint8,EPSG:4326,0.621,raster_bbox
JL1KF01A_PMS06_20240805114344_200289489_101_0006_001_L1_PAN,JL1KF01A,PMS06,2024-08-05,2024Q3,,D:\image\临河\2024Q3\JL1KF01A_PMS06_20240805114344_200289489_101_0006_001_L1_PAN\JL1KF01A_PMS06_20240805114344_200289489_101_0006_001_L1_PAN.tif,4522.5,49064,37766,3,uint8,EPSG:4326,0.624,raster_bbox
JL1KF01A_PMS06_20240805114344_200289489_101_0007_001_L1_PAN,JL1KF01A,PMS06,2024-08-05,2024Q3,,D:\image\临河\2024Q3\JL1KF01A_PMS06_20240805114344_200289489_101_0007_001_L1_PAN\JL1KF01A_PMS06_20240805114344_200289489_101_0007_001_L1_PAN.tif,4739.5,49149,37822,3,uint8,EPSG:4326,0.626,raster_bbox
JL1KF01A_PMS06_20240805114344_200289489_101_0008_001_L1_PAN,JL1KF01A,PMS06,2024-08-05,2024Q3,,D:\image\临河\2024Q3\JL1KF01A_PMS06_20240805114344_200289489_101_0008_001_L1_PAN\JL1KF01A_PMS06_20240805114344_200289489_101_0008_001_L1_PAN.tif,4534.5,49034,37875,3,uint8,EPSG:4326,0.627,raster_bbox
GF2_PMS1_E107.5_N40.8_20241126_L1A14273852001-PAN1,GF2,PMS1,,2024Q4,,D:\image\临河\2024Q4\GF2_PMS1_E107.5_N40.8_20241126_L1A14273852001-PAN1\GF2_PMS1_E107.5_N40.8_20241126_L1A14273852001-PAN1.tif,3106.0,41396,30669,3,uint8,EPSG:4326,0.673,raster_bbox
GF2_PMS1_E107.6_N41.0_20241126_L1A14273851001-PAN1,GF2,PMS1,,2024Q4,,D:\image\临河\2024Q4\GF2_PMS1_E107.6_N41.0_20241126_L1A14273851001-PAN1\GF2_PMS1_E107.6_N41.0_20241126_L1A14273851001-PAN1.tif,3155.8,41468,30649,3,uint8,EPSG:4326,0.672,raster_bbox
GF2_PMS1_E107.6_N41.1_20241126_L1A14273850001-PAN1,GF2,PMS1,,2024Q4,,D:\image\临河\2024Q4\GF2_PMS1_E107.6_N41.1_20241126_L1A14273850001-PAN1\GF2_PMS1_E107.6_N41.1_20241126_L1A14273850001-PAN1.tif,3042.3,41556,30618,3,uint8,EPSG:4326,0.671,raster_bbox
GF701_028583_E107.2_N40.5_20241102113612_BWD_01_SC0_0001_2411029544,GF701,BWD,2024-11-02,2024Q4,,D:\image\临河\2024Q4\GF701_028583_E107.2_N40.5_20241102113612_BWD_01_SC0_0001_2411029544\GF701_028583_E107.2_N40.5_20241102113612_BWD_01_SC0_0001_2411029544.tif,6267.8,53878,46056,3,uint8,EPSG:4326,0.528,raster_bbox
GF701_028583_E107.3_N40.7_20241102113609_BWD_01_SC0_0001_2411039543,GF701,BWD,2024-11-02,2024Q4,,D:\image\临河\2024Q4\GF701_028583_E107.3_N40.7_20241102113609_BWD_01_SC0_0001_2411039543\GF701_028583_E107.3_N40.7_20241102113609_BWD_01_SC0_0001_2411039543.tif,6315.9,54008,46002,3,uint8,EPSG:4326,0.527,raster_bbox
GF701_028583_E107.3_N40.9_20241102113606_BWD_01_SC0_0001_2411039542,GF701,BWD,2024-11-02,2024Q4,,D:\image\临河\2024Q4\GF701_028583_E107.3_N40.9_20241102113606_BWD_01_SC0_0001_2411039542\GF701_028583_E107.3_N40.9_20241102113606_BWD_01_SC0_0001_2411039542.tif,6293.2,54125,45954,3,uint8,EPSG:4326,0.526,raster_bbox
GF701_028583_E107.4_N41.1_20241102113603_BWD_01_SC0_0001_2411029541,GF701,BWD,2024-11-02,2024Q4,,D:\image\临河\2024Q4\GF701_028583_E107.4_N41.1_20241102113603_BWD_01_SC0_0001_2411029541\GF701_028583_E107.4_N41.1_20241102113603_BWD_01_SC0_0001_2411029541.tif,6031.1,54232,45889,3,uint8,EPSG:4326,0.525,raster_bbox
JL1GF03D09_PMS_20241006133714_200308744_104_0005_001_L1_PAN,JL1GF03D09,PMS,2024-10-06,2024Q4,,D:\image\临河\2024Q4\JL1GF03D09_PMS_20241006133714_200308744_104_0005_001_L1_PAN\JL1GF03D09_PMS_20241006133714_200308744_104_0005_001_L1_PAN.tif,1841.5,33692,25900,3,uint8,EPSG:4326,0.575,raster_bbox
JL1GF03D09_PMS_20241006133714_200308744_104_0006_001_L1_PAN,JL1GF03D09,PMS,2024-10-06,2024Q4,,D:\image\临河\2024Q4\JL1GF03D09_PMS_20241006133714_200308744_104_0006_001_L1_PAN\JL1GF03D09_PMS_20241006133714_200308744_104_0006_001_L1_PAN.tif,2235.6,33637,25916,3,uint8,EPSG:4326,0.576,raster_bbox
GF2_PMS1_E107.1_N40.6_20250208_L1A14435155001-PAN1,GF2,PMS1,,2025Q1,,D:\image\临河\2025Q1\GF2_PMS1_E107.1_N40.6_20250208_L1A14435155001-PAN1\GF2_PMS1_E107.1_N40.6_20250208_L1A14435155001-PAN1.tif,2934.9,41284,30669,3,uint8,EPSG:4326,0.675,raster_bbox
GF2_PMS1_E107.2_N40.8_20250208_L1A14435154001-PAN1,GF2,PMS1,,2025Q1,,D:\image\临河\2025Q1\GF2_PMS1_E107.2_N40.8_20250208_L1A14435154001-PAN1\GF2_PMS1_E107.2_N40.8_20250208_L1A14435154001-PAN1.tif,3019.3,41368,30642,3,uint8,EPSG:4326,0.674,raster_bbox
GF701_030377_E107.2_N40.5_20250228112929_BWD_01_SC0_0001_2502284951,GF701,BWD,2025-02-28,2025Q1,,D:\image\临河\2025Q1\GF701_030377_E107.2_N40.5_20250228112929_BWD_01_SC0_0001_2502284951\GF701_030377_E107.2_N40.5_20250228112929_BWD_01_SC0_0001_2502284951.tif,3866.5,53732,46078,3,uint8,EPSG:4326,0.528,raster_bbox
GF701_030377_E107.2_N40.7_20250228112926_BWD_01_SC0_0001_2502284950,GF701,BWD,2025-02-28,2025Q1,,D:\image\临河\2025Q1\GF701_030377_E107.2_N40.7_20250228112926_BWD_01_SC0_0001_2502284950\GF701_030377_E107.2_N40.7_20250228112926_BWD_01_SC0_0001_2502284950.tif,3977.8,54015,46045,3,uint8,EPSG:4326,0.527,raster_bbox
GF701_030377_E107.3_N40.9_20250228112923_BWD_01_SC0_0001_2503014949,GF701,BWD,2025-02-28,2025Q1,,D:\image\临河\2025Q1\GF701_030377_E107.3_N40.9_20250228112923_BWD_01_SC0_0001_2503014949\GF701_030377_E107.3_N40.9_20250228112923_BWD_01_SC0_0001_2503014949.tif,4720.2,54017,45998,3,uint8,EPSG:4326,0.526,raster_bbox
GF701_030377_E107.4_N41.1_20250228112919_BWD_01_SC0_0001_2502284948,GF701,BWD,2025-02-28,2025Q1,,D:\image\临河\2025Q1\GF701_030377_E107.4_N41.1_20250228112919_BWD_01_SC0_0001_2502284948\GF701_030377_E107.4_N41.1_20250228112919_BWD_01_SC0_0001_2502284948.tif,5135.2,54230,45902,3,uint8,EPSG:4326,0.525,raster_bbox
GF701_030452_E107.5_N40.5_20250305112803_BWD_01_SC0_0001_2503050157,GF701,BWD,2025-03-05,2025Q1,,D:\image\临河\2025Q1\GF701_030452_E107.5_N40.5_20250305112803_BWD_01_SC0_0001_2503050157\GF701_030452_E107.5_N40.5_20250305112803_BWD_01_SC0_0001_2503050157.tif,6169.3,53828,46274,3,uint8,EPSG:4326,0.525,raster_bbox
GF701_030452_E107.5_N40.7_20250305112759_BWD_01_SC0_0001_2503050156,GF701,BWD,2025-03-05,2025Q1,,D:\image\临河\2025Q1\GF701_030452_E107.5_N40.7_20250305112759_BWD_01_SC0_0001_2503050156\GF701_030452_E107.5_N40.7_20250305112759_BWD_01_SC0_0001_2503050156.tif,4911.9,53955,46205,3,uint8,EPSG:4326,0.524,raster_bbox
GF701_030452_E107.6_N40.9_20250305112756_BWD_01_SC0_0001_2503050155,GF701,BWD,2025-03-05,2025Q1,,D:\image\临河\2025Q1\GF701_030452_E107.6_N40.9_20250305112756_BWD_01_SC0_0001_2503050155\GF701_030452_E107.6_N40.9_20250305112756_BWD_01_SC0_0001_2503050155.tif,4655.6,54190,46141,3,uint8,EPSG:4326,0.523,raster_bbox
GF701_030452_E107.6_N41.1_20250305112753_BWD_01_SC0_0001_2503050154,GF701,BWD,2025-03-05,2025Q1,,D:\image\临河\2025Q1\GF701_030452_E107.6_N41.1_20250305112753_BWD_01_SC0_0001_2503050154\GF701_030452_E107.6_N41.1_20250305112753_BWD_01_SC0_0001_2503050154.tif,4539.9,54309,46082,3,uint8,EPSG:4326,0.522,raster_bbox
JL1KF02B03_PMS02_20250531123606_200389972_101_0036_001_L1_PAN,JL1KF02B03,PMS02,2025-05-31,2025Q2,,D:\image\临河\2025Q2\JL1KF02B03_PMS02_20250531123606_200389972_101_0036_001_L1_PAN\JL1KF02B03_PMS02_20250531123606_200389972_101_0036_001_L1_PAN.tif,3552.5,43505,33296,3,uint8,EPSG:4326,0.43,raster_bbox
JL1KF02B04_PMS05_20250524124108_200387303_101_0009_001_L1_PAN,JL1KF02B04,PMS05,2025-05-24,2025Q2,,D:\image\临河\2025Q2\JL1KF02B04_PMS05_20250524124108_200387303_101_0009_001_L1_PAN\JL1KF02B04_PMS05_20250524124108_200387303_101_0009_001_L1_PAN.tif,3454.0,43700,33412,3,uint8,EPSG:4326,0.423,raster_bbox
JL1KF02B04_PMS05_20250524124108_200387303_101_0010_001_L1_PAN,JL1KF02B04,PMS05,2025-05-24,2025Q2,,D:\image\临河\2025Q2\JL1KF02B04_PMS05_20250524124108_200387303_101_0010_001_L1_PAN\JL1KF02B04_PMS05_20250524124108_200387303_101_0010_001_L1_PAN.tif,3554.8,43651,33530,3,uint8,EPSG:4326,0.423,raster_bbox
JL1KF02B04_PMS05_20250524124108_200387303_101_0011_001_L1_PAN,JL1KF02B04,PMS05,2025-05-24,2025Q2,,D:\image\临河\2025Q2\JL1KF02B04_PMS05_20250524124108_200387303_101_0011_001_L1_PAN\JL1KF02B04_PMS05_20250524124108_200387303_101_0011_001_L1_PAN.tif,3624.3,43590,33555,3,uint8,EPSG:4326,0.424,raster_bbox
JL1KF02B04_PMS05_20250524124108_200387303_101_0013_001_L1_PAN,JL1KF02B04,PMS05,2025-05-24,2025Q2,,D:\image\临河\2025Q2\JL1KF02B04_PMS05_20250524124108_200387303_101_0013_001_L1_PAN\JL1KF02B04_PMS05_20250524124108_200387303_101_0013_001_L1_PAN.tif,3768.9,43469,33594,3,uint8,EPSG:4326,0.425,raster_bbox
JL1KF02B04_PMS05_20250524124108_200387303_101_0014_001_L1_PAN,JL1KF02B04,PMS05,2025-05-24,2025Q2,,D:\image\临河\2025Q2\JL1KF02B04_PMS05_20250524124108_200387303_101_0014_001_L1_PAN\JL1KF02B04_PMS05_20250524124108_200387303_101_0014_001_L1_PAN.tif,3672.9,43394,33615,3,uint8,EPSG:4326,0.425,raster_bbox
JL1KF02B04_PMS06_20250524124108_200387303_101_0009_001_L1_PAN,JL1KF02B04,PMS06,2025-05-24,2025Q2,,D:\image\临河\2025Q2\JL1KF02B04_PMS06_20250524124108_200387303_101_0009_001_L1_PAN\JL1KF02B04_PMS06_20250524124108_200387303_101_0009_001_L1_PAN.tif,3540.0,43842,33636,3,uint8,EPSG:4326,0.421,raster_bbox
JL1KF02B04_PMS06_20250524124108_200387303_101_0010_001_L1_PAN,JL1KF02B04,PMS06,2025-05-24,2025Q2,,D:\image\临河\2025Q2\JL1KF02B04_PMS06_20250524124108_200387303_101_0010_001_L1_PAN\JL1KF02B04_PMS06_20250524124108_200387303_101_0010_001_L1_PAN.tif,3631.3,43789,33657,3,uint8,EPSG:4326,0.422,raster_bbox
JL1KF02B04_PMS06_20250524124108_200387303_101_0011_001_L1_PAN,JL1KF02B04,PMS06,2025-05-24,2025Q2,,D:\image\临河\2025Q2\JL1KF02B04_PMS06_20250524124108_200387303_101_0011_001_L1_PAN\JL1KF02B04_PMS06_20250524124108_200387303_101_0011_001_L1_PAN.tif,3593.9,43732,33677,3,uint8,EPSG:4326,0.422,raster_bbox
JL1KF02B04_PMS06_20250524124108_200387303_101_0012_001_L1_PAN,JL1KF02B04,PMS06,2025-05-24,2025Q2,,D:\image\临河\2025Q2\JL1KF02B04_PMS06_20250524124108_200387303_101_0012_001_L1_PAN\JL1KF02B04_PMS06_20250524124108_200387303_101_0012_001_L1_PAN.tif,3795.7,43670,33693,3,uint8,EPSG:4326,0.423,raster_bbox
JL1KF02B04_PMS06_20250524124108_200387303_101_0013_001_L1_PAN,JL1KF02B04,PMS06,2025-05-24,2025Q2,,D:\image\临河\2025Q2\JL1KF02B04_PMS06_20250524124108_200387303_101_0013_001_L1_PAN\JL1KF02B04_PMS06_20250524124108_200387303_101_0013_001_L1_PAN.tif,3515.9,43615,33720,3,uint8,EPSG:4326,0.423,raster_bbox
JL1KF02B04_PMS06_20250524124108_200387303_101_0014_001_L1_PAN,JL1KF02B04,PMS06,2025-05-24,2025Q2,,D:\image\临河\2025Q2\JL1KF02B04_PMS06_20250524124108_200387303_101_0014_001_L1_PAN\JL1KF02B04_PMS06_20250524124108_200387303_101_0014_001_L1_PAN.tif,2691.4,43550,33752,3,uint8,EPSG:4326,0.424,raster_bbox
JL1KF02B04_PMS07_20250524124108_200387303_101_0009_001_L1_PAN,JL1KF02B04,PMS07,2025-05-24,2025Q2,,D:\image\临河\2025Q2\JL1KF02B04_PMS07_20250524124108_200387303_101_0009_001_L1_PAN\JL1KF02B04_PMS07_20250524124108_200387303_101_0009_001_L1_PAN.tif,3520.9,43796,33759,3,uint8,EPSG:4326,0.42,raster_bbox
JL1KF02B04_PMS07_20250524124108_200387303_101_0010_001_L1_PAN,JL1KF02B04,PMS07,2025-05-24,2025Q2,,D:\image\临河\2025Q2\JL1KF02B04_PMS07_20250524124108_200387303_101_0010_001_L1_PAN\JL1KF02B04_PMS07_20250524124108_200387303_101_0010_001_L1_PAN.tif,3593.8,43740,33780,3,uint8,EPSG:4326,0.42,raster_bbox
JL1KF02B04_PMS07_20250524124108_200387303_101_0011_001_L1_PAN,JL1KF02B04,PMS07,2025-05-24,2025Q2,,D:\image\临河\2025Q2\JL1KF02B04_PMS07_20250524124108_200387303_101_0011_001_L1_PAN\JL1KF02B04_PMS07_20250524124108_200387303_101_0011_001_L1_PAN.tif,3553.2,43683,33796,3,uint8,EPSG:4326,0.421,raster_bbox
JL1KF02B04_PMS07_20250524124108_200387303_101_0012_001_L1_PAN,JL1KF02B04,PMS07,2025-05-24,2025Q2,,D:\image\临河\2025Q2\JL1KF02B04_PMS07_20250524124108_200387303_101_0012_001_L1_PAN\JL1KF02B04_PMS07_20250524124108_200387303_101_0012_001_L1_PAN.tif,3427.7,43624,33817,3,uint8,EPSG:4326,0.421,raster_bbox
JL1KF02B04_PMS07_20250524124108_200387303_101_0013_001_L1_PAN,JL1KF02B04,PMS07,2025-05-24,2025Q2,,D:\image\临河\2025Q2\JL1KF02B04_PMS07_20250524124108_200387303_101_0013_001_L1_PAN\JL1KF02B04_PMS07_20250524124108_200387303_101_0013_001_L1_PAN.tif,3447.0,43567,33845,3,uint8,EPSG:4326,0.422,raster_bbox
JL1KF02B04_PMS08_20250524124108_200387303_101_0009_001_L1_PAN,JL1KF02B04,PMS08,2025-05-24,2025Q2,,D:\image\临河\2025Q2\JL1KF02B04_PMS08_20250524124108_200387303_101_0009_001_L1_PAN\JL1KF02B04_PMS08_20250524124108_200387303_101_0009_001_L1_PAN.tif,3376.2,43872,33861,3,uint8,EPSG:4326,0.419,raster_bbox
JL1KF02B04_PMS08_20250524124108_200387303_101_0010_001_L1_PAN,JL1KF02B04,PMS08,2025-05-24,2025Q2,,D:\image\临河\2025Q2\JL1KF02B04_PMS08_20250524124108_200387303_101_0010_001_L1_PAN\JL1KF02B04_PMS08_20250524124108_200387303_101_0010_001_L1_PAN.tif,3532.0,43814,33879,3,uint8,EPSG:4326,0.419,raster_bbox
JL1KF02B04_PMS08_20250524124108_200387303_101_0011_001_L1_PAN,JL1KF02B04,PMS08,2025-05-24,2025Q2,,D:\image\临河\2025Q2\JL1KF02B04_PMS08_20250524124108_200387303_101_0011_001_L1_PAN\JL1KF02B04_PMS08_20250524124108_200387303_101_0011_001_L1_PAN.tif,3476.1,43755,33901,3,uint8,EPSG:4326,0.42,raster_bbox
JL1KF02B05_PMS03_20250917124436_200433186_102_0015_001_L1_PAN,JL1KF02B05,PMS03,2025-09-17,2025Q3,,D:\image\临河\2025Q3\JL1KF02B05_PMS03_20250917124436_200433186_102_0015_001_L1_PAN\JL1KF02B05_PMS03_20250917124436_200433186_102_0015_001_L1_PAN.tif,3713.5,44039,33474,3,uint8,EPSG:4326,0.419,raster_bbox
JL1KF02B05_PMS03_20250917124436_200433186_102_0016_001_L1_PAN,JL1KF02B05,PMS03,2025-09-17,2025Q3,,D:\image\临河\2025Q3\JL1KF02B05_PMS03_20250917124436_200433186_102_0016_001_L1_PAN\JL1KF02B05_PMS03_20250917124436_200433186_102_0016_001_L1_PAN.tif,4042.9,43988,33535,3,uint8,EPSG:4326,0.42,raster_bbox
JL1KF02B05_PMS03_20250917124436_200433186_102_0018_001_L1_PAN,JL1KF02B05,PMS03,2025-09-17,2025Q3,,D:\image\临河\2025Q3\JL1KF02B05_PMS03_20250917124436_200433186_102_0018_001_L1_PAN\JL1KF02B05_PMS03_20250917124436_200433186_102_0018_001_L1_PAN.tif,3769.3,43865,33578,3,uint8,EPSG:4326,0.421,raster_bbox
JL1KF02B05_PMS03_20250917124436_200433186_102_0020_001_L1_PAN,JL1KF02B05,PMS03,2025-09-17,2025Q3,,D:\image\临河\2025Q3\JL1KF02B05_PMS03_20250917124436_200433186_102_0020_001_L1_PAN\JL1KF02B05_PMS03_20250917124436_200433186_102_0020_001_L1_PAN.tif,3689.8,43731,33617,3,uint8,EPSG:4326,0.422,raster_bbox
JL1KF02B05_PMS04_20250917124436_200433186_102_0014_001_L1_PAN,JL1KF02B05,PMS04,2025-09-17,2025Q3,,D:\image\临河\2025Q3\JL1KF02B05_PMS04_20250917124436_200433186_102_0014_001_L1_PAN\JL1KF02B05_PMS04_20250917124436_200433186_102_0014_001_L1_PAN.tif,3700.2,44214,33437,3,uint8,EPSG:4326,0.419,raster_bbox
JL1KF02B05_PMS04_20250917124436_200433186_102_0015_001_L1_PAN,JL1KF02B05,PMS04,2025-09-17,2025Q3,,D:\image\临河\2025Q3\JL1KF02B05_PMS04_20250917124436_200433186_102_0015_001_L1_PAN\JL1KF02B05_PMS04_20250917124436_200433186_102_0015_001_L1_PAN.tif,3819.5,44189,33542,3,uint8,EPSG:4326,0.42,raster_bbox
JL1KF02B05_PMS04_20250917124436_200433186_102_0016_001_L1_PAN,JL1KF02B05,PMS04,2025-09-17,2025Q3,,D:\image\临河\2025Q3\JL1KF02B05_PMS04_20250917124436_200433186_102_0016_001_L1_PAN\JL1KF02B05_PMS04_20250917124436_200433186_102_0016_001_L1_PAN.tif,3877.2,44124,33566,3,uint8,EPSG:4326,0.42,raster_bbox
JL1KF02B05_PMS04_20250917124436_200433186_102_0017_001_L1_PAN,JL1KF02B05,PMS04,2025-09-17,2025Q3,,D:\image\临河\2025Q3\JL1KF02B05_PMS04_20250917124436_200433186_102_0017_001_L1_PAN\JL1KF02B05_PMS04_20250917124436_200433186_102_0017_001_L1_PAN.tif,3764.1,44071,33583,3,uint8,EPSG:4326,0.421,raster_bbox
JL1KF02B05_PMS04_20250917124436_200433186_102_0018_001_L1_PAN,JL1KF02B05,PMS04,2025-09-17,2025Q3,,D:\image\临河\2025Q3\JL1KF02B05_PMS04_20250917124436_200433186_102_0018_001_L1_PAN\JL1KF02B05_PMS04_20250917124436_200433186_102_0018_001_L1_PAN.tif,3822.1,44006,33598,3,uint8,EPSG:4326,0.421,raster_bbox
JL1KF02B05_PMS04_20250917124436_200433186_102_0019_001_L1_PAN,JL1KF02B05,PMS04,2025-09-17,2025Q3,,D:\image\临河\2025Q3\JL1KF02B05_PMS04_20250917124436_200433186_102_0019_001_L1_PAN\JL1KF02B05_PMS04_20250917124436_200433186_102_0019_001_L1_PAN.tif,3627.6,43934,33622,3,uint8,EPSG:4326,0.422,raster_bbox
JL1KF02B05_PMS04_20250917124436_200433186_102_0020_001_L1_PAN,JL1KF02B05,PMS04,2025-09-17,2025Q3,,D:\image\临河\2025Q3\JL1KF02B05_PMS04_20250917124436_200433186_102_0020_001_L1_PAN\JL1KF02B05_PMS04_20250917124436_200433186_102_0020_001_L1_PAN.tif,3988.1,43868,33654,3,uint8,EPSG:4326,0.422,raster_bbox
JL1KF02B05_PMS05_20250917124436_200433186_102_0014_001_L1_PAN,JL1KF02B05,PMS05,2025-09-17,2025Q3,,D:\image\临河\2025Q3\JL1KF02B05_PMS05_20250917124436_200433186_102_0014_001_L1_PAN\JL1KF02B05_PMS05_20250917124436_200433186_102_0014_001_L1_PAN.tif,3713.1,44271,33594,3,uint8,EPSG:4326,0.421,raster_bbox
JL1KF02B05_PMS05_20250917124436_200433186_102_0015_001_L1_PAN,JL1KF02B05,PMS05,2025-09-17,2025Q3,,D:\image\临河\2025Q3\JL1KF02B05_PMS05_20250917124436_200433186_102_0015_001_L1_PAN\JL1KF02B05_PMS05_20250917124436_200433186_102_0015_001_L1_PAN.tif,3945.2,44214,33668,3,uint8,EPSG:4326,0.421,raster_bbox
JL1KF02B05_PMS05_20250917124436_200433186_102_0016_001_L1_PAN,JL1KF02B05,PMS05,2025-09-17,2025Q3,,D:\image\临河\2025Q3\JL1KF02B05_PMS05_20250917124436_200433186_102_0016_001_L1_PAN\JL1KF02B05_PMS05_20250917124436_200433186_102_0016_001_L1_PAN.tif,4024.6,44148,33691,3,uint8,EPSG:4326,0.422,raster_bbox
JL1KF02B05_PMS05_20250917124436_200433186_102_0017_001_L1_PAN,JL1KF02B05,PMS05,2025-09-17,2025Q3,,D:\image\临河\2025Q3\JL1KF02B05_PMS05_20250917124436_200433186_102_0017_001_L1_PAN\JL1KF02B05_PMS05_20250917124436_200433186_102_0017_001_L1_PAN.tif,3844.6,44087,33706,3,uint8,EPSG:4326,0.422,raster_bbox
JL1KF02B05_PMS05_20250917124436_200433186_102_0018_001_L1_PAN,JL1KF02B05,PMS05,2025-09-17,2025Q3,,D:\image\临河\2025Q3\JL1KF02B05_PMS05_20250917124436_200433186_102_0018_001_L1_PAN\JL1KF02B05_PMS05_20250917124436_200433186_102_0018_001_L1_PAN.tif,3617.9,44060,33650,3,uint8,EPSG:4326,0.422,raster_bbox
JL1KF02B05_PMS05_20250917124436_200433186_102_0019_001_L1_PAN,JL1KF02B05,PMS05,2025-09-17,2025Q3,,D:\image\临河\2025Q3\JL1KF02B05_PMS05_20250917124436_200433186_102_0019_001_L1_PAN\JL1KF02B05_PMS05_20250917124436_200433186_102_0019_001_L1_PAN.tif,3763.0,44019,33648,3,uint8,EPSG:4326,0.422,raster_bbox
JL1KF02B01_PMS08_20251013124654_200442718_101_0011_001_L1_PAN,JL1KF02B01,PMS08,2025-10-13,2025Q4,,D:\image\临河\2025Q4\JL1KF02B01_PMS08_20251013124654_200442718_101_0011_001_L1_PAN\JL1KF02B01_PMS08_20251013124654_200442718_101_0011_001_L1_PAN.tif,3897.8,44284,33832,3,uint8,EPSG:4326,0.419,raster_bbox
JL1KF02B01_PMS08_20251013124654_200442718_101_0012_001_L1_PAN,JL1KF02B01,PMS08,2025-10-13,2025Q4,,D:\image\临河\2025Q4\JL1KF02B01_PMS08_20251013124654_200442718_101_0012_001_L1_PAN\JL1KF02B01_PMS08_20251013124654_200442718_101_0012_001_L1_PAN.tif,4018.1,44225,33856,3,uint8,EPSG:4326,0.42,raster_bbox
JL1KF02B01_PMS09_20251013124654_200442718_101_0008_001_L1_PAN,JL1KF02B01,PMS09,2025-10-13,2025Q4,,D:\image\临河\2025Q4\JL1KF02B01_PMS09_20251013124654_200442718_101_0008_001_L1_PAN\JL1KF02B01_PMS09_20251013124654_200442718_101_0008_001_L1_PAN.tif,3961.7,44536,33789,3,uint8,EPSG:4326,0.418,raster_bbox
JL1KF02B01_PMS09_20251013124654_200442718_101_0009_001_L1_PAN,JL1KF02B01,PMS09,2025-10-13,2025Q4,,D:\image\临河\2025Q4\JL1KF02B01_PMS09_20251013124654_200442718_101_0009_001_L1_PAN\JL1KF02B01_PMS09_20251013124654_200442718_101_0009_001_L1_PAN.tif,4040.0,44487,33826,3,uint8,EPSG:4326,0.418,raster_bbox
JL1KF02B01_PMS09_20251013124654_200442718_101_0010_001_L1_PAN,JL1KF02B01,PMS09,2025-10-13,2025Q4,,D:\image\临河\2025Q4\JL1KF02B01_PMS09_20251013124654_200442718_101_0010_001_L1_PAN\JL1KF02B01_PMS09_20251013124654_200442718_101_0010_001_L1_PAN.tif,4178.0,44425,33847,3,uint8,EPSG:4326,0.419,raster_bbox
JL1KF02B01_PMS09_20251013124654_200442718_101_0011_001_L1_PAN,JL1KF02B01,PMS09,2025-10-13,2025Q4,,D:\image\临河\2025Q4\JL1KF02B01_PMS09_20251013124654_200442718_101_0011_001_L1_PAN\JL1KF02B01_PMS09_20251013124654_200442718_101_0011_001_L1_PAN.tif,4073.4,44367,33862,3,uint8,EPSG:4326,0.419,raster_bbox
JL1KF02B01_PMS09_20251013124654_200442718_101_0012_001_L1_PAN,JL1KF02B01,PMS09,2025-10-13,2025Q4,,D:\image\临河\2025Q4\JL1KF02B01_PMS09_20251013124654_200442718_101_0012_001_L1_PAN\JL1KF02B01_PMS09_20251013124654_200442718_101_0012_001_L1_PAN.tif,3999.6,44318,33877,3,uint8,EPSG:4326,0.42,raster_bbox
JL1KF02B01_PMS09_20251013124654_200442718_101_0013_001_L1_PAN,JL1KF02B01,PMS09,2025-10-13,2025Q4,,D:\image\临河\2025Q4\JL1KF02B01_PMS09_20251013124654_200442718_101_0013_001_L1_PAN\JL1KF02B01_PMS09_20251013124654_200442718_101_0013_001_L1_PAN.tif,3968.7,44243,33895,3,uint8,EPSG:4326,0.42,raster_bbox
JL1KF02B01_PMS10_20251013124654_200442718_101_0007_001_L1_PAN,JL1KF02B01,PMS10,2025-10-13,2025Q4,,D:\image\临河\2025Q4\JL1KF02B01_PMS10_20251013124654_200442718_101_0007_001_L1_PAN\JL1KF02B01_PMS10_20251013124654_200442718_101_0007_001_L1_PAN.tif,3956.6,45784,33857,3,uint8,EPSG:4326,0.419,raster_bbox
JL1KF02B01_PMS10_20251013124654_200442718_101_0008_001_L1_PAN,JL1KF02B01,PMS10,2025-10-13,2025Q4,,D:\image\临河\2025Q4\JL1KF02B01_PMS10_20251013124654_200442718_101_0008_001_L1_PAN\JL1KF02B01_PMS10_20251013124654_200442718_101_0008_001_L1_PAN.tif,3993.3,45784,33913,3,uint8,EPSG:4326,0.42,raster_bbox
JL1KF02B01_PMS10_20251013124654_200442718_101_0010_001_L1_PAN,JL1KF02B01,PMS10,2025-10-13,2025Q4,,D:\image\临河\2025Q4\JL1KF02B01_PMS10_20251013124654_200442718_101_0010_001_L1_PAN\JL1KF02B01_PMS10_20251013124654_200442718_101_0010_001_L1_PAN.tif,3902.8,45675,33952,3,uint8,EPSG:4326,0.421,raster_bbox
JL1KF02B01_PMS10_20251013124654_200442718_101_0011_001_L1_PAN,JL1KF02B01,PMS10,2025-10-13,2025Q4,,D:\image\临河\2025Q4\JL1KF02B01_PMS10_20251013124654_200442718_101_0011_001_L1_PAN\JL1KF02B01_PMS10_20251013124654_200442718_101_0011_001_L1_PAN.tif,3995.7,45617,33969,3,uint8,EPSG:4326,0.421,raster_bbox
JL1KF02B01_PMS10_20251013124654_200442718_101_0012_001_L1_PAN,JL1KF02B01,PMS10,2025-10-13,2025Q4,,D:\image\临河\2025Q4\JL1KF02B01_PMS10_20251013124654_200442718_101_0012_001_L1_PAN\JL1KF02B01_PMS10_20251013124654_200442718_101_0012_001_L1_PAN.tif,3971.3,45559,33999,3,uint8,EPSG:4326,0.422,raster_bbox
JL1KF02B02_PMS04_20251017124443_200443980_101_0012_001_L1_PAN,JL1KF02B02,PMS04,2025-10-17,2025Q4,,D:\image\临河\2025Q4\JL1KF02B02_PMS04_20251017124443_200443980_101_0012_001_L1_PAN\JL1KF02B02_PMS04_20251017124443_200443980_101_0012_001_L1_PAN.tif,3850.1,44416,33579,3,uint8,EPSG:4326,0.417,raster_bbox
JL1KF02B02_PMS04_20251017124443_200443980_101_0013_001_L1_PAN,JL1KF02B02,PMS04,2025-10-17,2025Q4,,D:\image\临河\2025Q4\JL1KF02B02_PMS04_20251017124443_200443980_101_0013_001_L1_PAN\JL1KF02B02_PMS04_20251017124443_200443980_101_0013_001_L1_PAN.tif,3907.7,44364,33601,3,uint8,EPSG:4326,0.418,raster_bbox
JL1KF02B02_PMS04_20251017124443_200443980_101_0014_001_L1_PAN,JL1KF02B02,PMS04,2025-10-17,2025Q4,,D:\image\临河\2025Q4\JL1KF02B02_PMS04_20251017124443_200443980_101_0014_001_L1_PAN\JL1KF02B02_PMS04_20251017124443_200443980_101_0014_001_L1_PAN.tif,3788.8,44304,33616,3,uint8,EPSG:4326,0.418,raster_bbox
JL1KF02B02_PMS04_20251017124443_200443980_101_0015_001_L1_PAN,JL1KF02B02,PMS04,2025-10-17,2025Q4,,D:\image\临河\2025Q4\JL1KF02B02_PMS04_20251017124443_200443980_101_0015_001_L1_PAN\JL1KF02B02_PMS04_20251017124443_200443980_101_0015_001_L1_PAN.tif,3669.7,44250,33635,3,uint8,EPSG:4326,0.419,raster_bbox
JL1KF02B02_PMS04_20251017124443_200443980_101_0016_001_L1_PAN,JL1KF02B02,PMS04,2025-10-17,2025Q4,,D:\image\临河\2025Q4\JL1KF02B02_PMS04_20251017124443_200443980_101_0016_001_L1_PAN\JL1KF02B02_PMS04_20251017124443_200443980_101_0016_001_L1_PAN.tif,3818.2,44204,33657,3,uint8,EPSG:4326,0.419,raster_bbox
JL1KF02B02_PMS05_20251017124443_200443980_101_0012_001_L1_PAN,JL1KF02B02,PMS05,2025-10-17,2025Q4,,D:\image\临河\2025Q4\JL1KF02B02_PMS05_20251017124443_200443980_101_0012_001_L1_PAN\JL1KF02B02_PMS05_20251017124443_200443980_101_0012_001_L1_PAN.tif,3907.4,44529,33585,3,uint8,EPSG:4326,0.418,raster_bbox
JL1KF02B02_PMS05_20251017124443_200443980_101_0013_001_L1_PAN,JL1KF02B02,PMS05,2025-10-17,2025Q4,,D:\image\临河\2025Q4\JL1KF02B02_PMS05_20251017124443_200443980_101_0013_001_L1_PAN\JL1KF02B02_PMS05_20251017124443_200443980_101_0013_001_L1_PAN.tif,3901.3,44458,33599,3,uint8,EPSG:4326,0.418,raster_bbox
JL1KF02B02_PMS05_20251017124443_200443980_101_0014_001_L1_PAN,JL1KF02B02,PMS05,2025-10-17,2025Q4,,D:\image\临河\2025Q4\JL1KF02B02_PMS05_20251017124443_200443980_101_0014_001_L1_PAN\JL1KF02B02_PMS05_20251017124443_200443980_101_0014_001_L1_PAN.tif,3682.0,44419,33621,3,uint8,EPSG:4326,0.419,raster_bbox
JL1KF02B02_PMS05_20251017124443_200443980_101_0015_001_L1_PAN,JL1KF02B02,PMS05,2025-10-17,2025Q4,,D:\image\临河\2025Q4\JL1KF02B02_PMS05_20251017124443_200443980_101_0015_001_L1_PAN\JL1KF02B02_PMS05_20251017124443_200443980_101_0015_001_L1_PAN.tif,3588.5,44353,33651,3,uint8,EPSG:4326,0.419,raster_bbox
ZY1F_VNIC_E107.4_N41.0_20260406_L1B0001434476-PAN,ZY1F,,,2026M4,,D:\image\临河\2026M4\ZY1F_VNIC_E107.4_N41.0_20260406_L1B0001434476-PAN\ZY1F_VNIC_E107.4_N41.0_20260406_L1B0001434476-PAN.tif,9441.1,68615,50950,3,uint8,EPSG:4326,2.039,raster_bbox
GF1C_PMS_E107.4_N40.8_20260319_L1A1022611339-PAN,GF1C,PMS,,2026Q1,,D:\image\临河\2026Q1\GF1C_PMS_E107.4_N40.8_20260319_L1A1022611339-PAN\GF1C_PMS_E107.4_N40.8_20260319_L1A1022611339-PAN.tif,4712.3,49482,37523,3,uint8,EPSG:4326,1.627,raster_bbox
GF1C_PMS_E107.5_N41.3_20260319_L1A1022611338-PAN,GF1C,PMS,,2026Q1,,D:\image\临河\2026Q1\GF1C_PMS_E107.5_N41.3_20260319_L1A1022611338-PAN\GF1C_PMS_E107.5_N41.3_20260319_L1A1022611338-PAN.tif,4584.9,49764,37428,3,uint8,EPSG:4326,1.618,raster_bbox
